DRG Definition,AK,AL,AR,AZ,CA,CO,CT,DC,DE,FL,GA,HI,IA,ID,IL,IN,KS,KY,LA,MA,MD,ME,MI,MN,MO,MS,MT,NC,ND,NE,NH,NJ,NM,NV,NY,OH,OK,OR,PA,RI,SC,SD,TN,TX,UT,VA,VT,WA,WI,WV,WY
039 - EXTRACRANIAL PROCEDURES W/O CC/MCC,8401.95,5743.611739130435,6118.82875,7271.555833333333,8387.932686567165,7051.9220000000005,8010.567333333333,9493.973333333333,7128.213333333333,6203.192345679013,6417.625517241379,10982.04,6181.252142857143,6556.826666666667,7376.7898076923075,6431.03,6104.569375,6453.644444444444,6622.3008,8180.406,9081.858095238094,6969.843333333333,7107.2225,7696.4,6280.946333333333,6336.945333333333,6375.808,6850.402692307693,6357.448333333334,6907.096666666666,7094.785,7266.68064516129,6163.504285714286,7054.442727272727,8304.2245652173915,6591.446458333334,6649.2480000000005,7061.2575,6721.249772727273,7963.490000000001,6733.798947368421,6866.985,6151.3753125,6562.184487179487,6874.926666666666,6666.2825,9290.8,7720.541428571429,6678.1924,5789.49875,8961.380000000001
057 - DEGENERATIVE NERVOUS SYSTEM DISORDERS W/O MCC,8799.0,5194.3496000000005,5547.847272727273,6485.235000000001,8528.764102564102,6043.720714285714,7899.39,8906.31,6899.3099999999995,5715.7009803921565,6002.780588235294,9585.36,5872.0509999999995,5410.33,6405.84,5739.142121212121,5597.198181818182,5905.306842105263,6042.880833333334,7334.188717948718,9377.331891891892,6272.497142857143,6568.806888888889,6909.265555555556,5684.098214285715,5793.876428571429,6034.123333333333,6415.026666666667,5746.47,5718.588333333333,5977.8271428571425,7090.850363636364,7479.75,6618.472857142857,8540.379038461539,5874.938979591837,5902.429166666667,8284.130000000001,6497.761617647059,6942.086666666666,6157.1559090909095,6303.643333333333,5510.5605,6331.265285714286,8298.19,5983.731818181818,9987.6,6585.483,6467.719,5491.408888888889,8139.86
064 - INTRACRANIAL HEMORRHAGE OR CEREBRAL INFARCTION W MCC,21608.010000000002,10846.747142857143,10983.326111111111,13269.623846153847,16916.737272727274,12669.390555555556,15218.445454545454,19663.112,14340.0125,11819.51256637168,12213.839019607844,16867.182,11056.783529411765,11970.022857142858,12993.528953488372,11315.53,10663.128,11669.139583333334,12328.971481481482,14087.076666666668,16815.19918918919,12269.83625,13083.185344827587,13330.525,11329.399285714286,11300.03052631579,11916.449999999999,12201.905094339623,11740.55,12607.135,11497.297777777778,14175.33690909091,14369.895714285714,12929.92909090909,17772.10875,11628.28265625,11521.096,13793.339375,11978.583289473685,14299.256666666666,12226.317000000001,13275.874,10980.485151515151,12650.43108108108,12724.542857142857,11400.705714285714,16346.779999999999,12910.556857142858,12319.236296296296,11772.626923076923,16400.0
065 - INTRACRANIAL HEMORRHAGE OR CEREBRAL INFARCTION W CC,12555.548333333334,6612.3781818181815,6650.910625,7940.849736842105,9959.531960784314,7264.912592592593,9142.561923076923,10819.514285714286,7933.552,7146.9565942028985,7198.518133333333,11973.866363636364,6746.593461538461,7245.638888888889,7977.892352941177,6962.9047619047615,6792.939545454546,7066.9486486486485,7121.66,8848.838039215687,10198.220476190476,7505.9075,7824.787763157895,7986.848787878788,7128.590566037736,6777.071470588236,7173.91,7420.873205128205,7406.305,7475.121176470589,7441.307692307692,8910.812033898304,8178.923846153846,7836.427692307692,10211.82475,7093.487096774194,7084.044117647059,8167.395416666666,7413.379818181818,8503.057777777778,7316.98675,7923.597142857143,6612.03625,7560.220310559006,7361.61125,6989.755161290323,9541.302,8032.213076923077,7333.4838,6803.302272727273,9637.6975
066 - INTRACRANIAL HEMORRHAGE OR CEREBRAL INFARCTION W/O CC/MCC,9275.8675,4611.48325,4778.305357142857,5850.844,7011.9167586206895,5285.202222222222,6446.44,8024.468333333333,5825.494,5134.782727272727,5245.132363636364,7891.237,4982.383,5390.597142857143,5779.068,5163.071509433962,4921.62125,5125.939259259259,5339.415,6368.170476190477,7687.374473684211,5338.078888888889,5715.462950819672,6053.6888461538465,5098.222790697674,4976.564,5203.14875,5385.149841269841,5235.9383333333335,5782.656666666667,5412.678333333333,6234.124285714286,6273.195,6059.087272727273,7000.030217391304,5172.058472222222,5172.0348,5888.228947368421,5465.342988505748,5936.696,5315.161764705882,5670.915,4773.901538461539,5491.393385826772,5370.88875,5145.086862745098,6931.3925,5803.739736842105,5311.429393939394,4897.876428571429,6329.97
069 - TRANSIENT ISCHEMIA,7755.285,4228.76375,4329.697916666667,5238.650666666666,6164.3291275167785,4701.285416666667,5847.2988,5850.9400000000005,5205.776,4670.38829787234,4918.560357142857,6404.035,4637.71,4761.19,5130.253904761905,4588.974117647059,4361.986666666667,4500.121666666667,4559.6809375,5553.8368,6668.165384615385,4897.652,5077.787101449276,5223.9268,4674.420869565218,4511.608333333334,4932.9725,4810.636349206349,5276.553333333333,4896.067692307693,4908.185555555556,5580.1429508196725,5118.3225,5019.818,6257.360243902439,4591.304444444444,4555.59875,5461.267857142857,4797.797211538462,5853.2757142857145,4751.732903225807,4990.545,4358.135217391305,4802.245683453238,4955.943333333334,4574.224333333334,6355.504999999999,5143.159090909091,4936.966296296297,4349.894782608696,0.0
074 - CRANIAL & PERIPHERAL NERVE DISORDERS W/O MCC,0.0,5382.596470588235,5472.582857142857,5989.666111111111,7866.886714285714,6143.757142857143,7363.029230769231,8714.478000000001,6450.200000000001,5440.228311688312,5784.42551724138,0.0,5968.232857142857,5428.135,6552.763965517242,5630.516190476191,5335.36,5549.973571428572,5728.719166666667,7005.926285714286,7769.858965517241,5516.366666666667,6289.2675,6588.084,5786.508965517241,5838.060833333333,5497.110000000001,6160.799722222222,7058.68,6099.13,5671.0175,6608.169024390244,5516.205,5987.567142857143,7858.01125,5646.118113207547,5934.672727272728,6013.514999999999,6325.42625,7669.1575,6160.733529411765,6889.116666666667,5784.28,6314.507285714286,9394.84,5743.089230769231,8488.89,6297.621428571429,6542.7675,5283.99625,0.0
101 - SEIZURES W/O MCC,7682.735000000001,4448.760909090909,4622.760666666667,5618.553333333333,6743.780223880597,5222.504375,6240.962173913043,7681.485000000001,5165.925,4868.75376,4974.58,7820.16,4729.800833333334,5309.71,5547.695106382978,4761.387428571428,4564.6476923076925,4764.6789285714285,4799.6170833333335,5931.227659574468,7082.7415,5243.422500000001,5419.503333333333,5629.7427777777775,4777.93125,4714.3964,4866.136666666666,5150.403636363636,5058.705,5119.124545454545,5301.725,5875.626034482759,5687.23,5714.151428571428,6967.516017699115,4898.205507246377,4816.481578947369,6546.192,5258.844871794871,5524.238571428572,4894.9975,5501.58,4558.991724137931,5221.80633027523,6102.816666666667,4858.680238095238,7100.19,5561.256,5258.884,4636.881875,6083.945
149 - DYSEQUILIBRIUM,0.0,3709.516,3699.66,4334.1745,5235.87775862069,4211.483333333334,5276.677857142857,6075.305,4573.59,4070.8127956989247,4137.376470588235,0.0,3757.625,0.0,4591.067162162162,4112.072413793104,3660.0783333333334,4004.578125,4028.943333333333,5018.19675,5729.089714285714,4177.445,4537.400512820513,4589.575454545455,3955.7524137931036,3865.6185714285716,3986.05,4325.956896551725,0.0,4168.86,4056.035,4829.7706,4315.11,4611.715,5777.295979381443,4142.159821428571,3924.665,4287.75,4340.404237288136,5155.05,4252.3422222222225,4758.78,3895.616666666667,4394.703653846153,3870.63,4153.237777777777,0.0,4489.362857142857,4329.7261538461535,3878.366666666667,0.0
176 - PULMONARY EMBOLISM W/O MCC,10349.5,6176.598387096774,6234.122352941176,7595.72064516129,8823.01205479452,6886.20125,8441.21611111111,9673.866666666667,7512.193333333334,6642.509186046512,6784.45085106383,11030.92,6382.183157894737,6604.99,7521.738,6608.268333333333,6606.023076923077,6697.6277272727275,6664.1494999999995,7900.187428571428,9598.523783783783,6685.951666666667,7485.3764,7382.395238095238,6788.99,6570.5599999999995,6572.3825,7065.516491228071,6636.9,7023.3375000000005,6854.673636363636,7832.853611111111,8641.1675,7636.320833333333,8830.065737704917,6790.759682539682,6464.2444444444445,7809.440833333333,7263.974461538462,7595.415,7007.261153846154,7064.52625,6238.851025641025,6977.303950617284,6817.873571428571,6856.943953488372,8251.256666666666,7647.111333333333,7004.580967741936,6410.411428571429,8433.035
177 - RESPIRATORY INFECTIONS & INFLAMMATIONS W MCC,16333.210000000001,11894.352564102564,11624.620434782608,14618.653548387098,18186.648023255813,13104.050952380952,15533.293225806452,17791.696666666667,14259.55,12600.37768,12767.694406779661,17006.46285714286,11946.895714285714,13062.62875,13444.582906976744,12157.0525,12591.40947368421,12356.06,12099.1928125,15066.170425531915,16959.9040625,13749.852727272728,13761.34859375,14268.9725,12228.203404255319,12334.1724,12209.9375,12949.155507246376,12670.053333333333,13539.248181818182,13127.5425,14843.1506,14797.567142857142,14663.5425,17246.198333333334,12362.9395,12587.713846153847,15402.738333333333,13080.176836734694,15576.425714285715,13549.726764705882,14640.152,11866.765263157895,12779.377744360901,13840.13125,12291.21875,17230.52,14224.742631578947,13252.7390625,12199.597222222223,19676.555
178 - RESPIRATORY INFECTIONS & INFLAMMATIONS W CC,16897.196666666667,8540.09590909091,8514.70074074074,10364.161612903226,12397.807743902438,9393.198571428571,11090.67857142857,11602.4575,10170.85,8972.724260869565,9076.815161290322,13196.215,8804.533913043479,9089.2,9619.383414634147,8717.34923076923,8929.488,9067.207916666666,9004.770476190477,10554.841666666667,12129.628611111111,9732.710714285715,9633.973559322034,10031.604333333333,8794.813191489362,8779.5121875,8869.75,9454.963636363636,9026.880000000001,9315.13153846154,9254.01,10537.0856,9753.937777777777,11052.742222222223,11691.69099009901,8989.222266666666,8829.616129032258,10533.775384615385,9534.979425287356,10545.146999999999,9381.530333333334,9987.852857142858,8363.925245901639,9230.598666666667,8992.338,9096.50625,11970.6875,9939.299444444445,9507.905428571428,8958.195789473684,11506.215
189 - PULMONARY EDEMA & RESPIRATORY FAILURE,11854.953333333333,7583.681860465116,7594.6042307692305,9198.691714285715,11314.596785714286,8650.1456,10688.23142857143,12427.108,9292.075,8198.216717557252,8178.596197183098,10693.945,8134.28,8828.36125,8895.621931818181,7901.85126984127,7790.667619047619,8090.38829787234,8182.152692307693,9985.329782608696,15493.027948717949,8833.078125,8909.35309859155,9303.633870967742,8179.253965517241,8005.681428571428,8486.685714285713,8441.04197368421,8200.233333333334,8686.208181818181,8880.293333333333,9802.141509433963,9506.756,8991.474375,10670.750990990991,8293.825858585858,8053.795,9146.972631578947,9264.257684210526,10773.154,8250.788536585365,9413.825,7596.440307692308,8617.853034482758,8666.463749999999,8296.276875,11587.907500000001,9480.780731707317,8484.427,7760.70347826087,10811.23
190 - CHRONIC OBSTRUCTIVE PULMONARY DISEASE W MCC,13414.714285714286,6856.192631578948,6906.541794871795,8521.382391304347,10452.032279069768,8143.21,9293.025666666666,10495.807142857142,8195.705,7533.4064375,7472.722134831461,11104.244444444445,7145.921785714286,7619.009,8354.835901639344,7295.492916666667,7155.388571428572,7352.115714285715,7317.035882352941,8683.270178571429,11315.826976744185,8163.464210526316,8075.293176470588,8228.249512195121,7538.917384615384,7172.397916666667,7598.484444444444,7724.817804878049,7384.191666666667,7868.816666666667,7787.87,9177.07888888889,8635.255,8378.71,10086.749097222222,7411.521052631579,7395.504814814814,8485.346,7794.21712,8838.666000000001,7839.937608695652,8101.906666666667,6874.32,7610.829311926605,8004.470909090909,7416.693972602739,9926.486666666668,8433.11,7594.615576923077,7206.573548387097,10933.6325
191 - CHRONIC OBSTRUCTIVE PULMONARY DISEASE W CC,10634.001666666667,5705.137012987013,5645.438048780488,6883.592826086957,8405.318647342996,6559.5678125,7624.224482758621,8990.98,6829.954,6076.530314465409,6118.517,8881.130000000001,5793.301724137931,6238.6575,6810.061885245902,6000.781081081081,5836.6731034482755,6000.76515625,5992.929152542373,7119.059821428571,8525.891162790698,6655.0385,6666.538780487805,6734.828157894737,6126.568235294118,5892.056,6262.922222222222,6295.759367088607,6058.46,6318.837222222222,6312.366153846154,7433.348709677419,6920.6449999999995,6822.3,8107.481756756757,6131.8664957264955,6009.757931034483,6999.963333333333,6311.659307692307,7063.22,6277.5346666666665,6560.517142857143,5648.285517241379,6369.05223255814,6530.32,6000.397142857143,8240.763333333332,6824.394,6250.566981132076,5687.731034482758,8217.0175
192 - CHRONIC OBSTRUCTIVE PULMONARY DISEASE W/O CC/MCC,8089.003333333333,4299.313214285714,4320.491707317073,5362.445581395349,6289.931348314607,4763.200344827586,5862.992,6268.833333333333,5311.6140000000005,4541.3028125,4590.780108695652,6959.152857142857,4562.858620689655,4579.694285714286,5154.250731707317,4552.859189189189,4673.710606060606,4486.535384615385,4564.199666666666,5428.0552727272725,6540.575952380952,5070.432631578948,4973.839125,5182.687586206896,4615.638059701492,4447.871320754717,4894.247,4788.963766233766,4715.6525,4789.615,4804.089230769231,5465.428666666667,5601.803478260869,5178.577368421053,6045.430206896552,4593.714482758621,4542.442711864407,5410.6415789473685,4728.644545454546,5568.721111111111,4789.673260869566,5062.231,4304.528604651163,4757.8611059907835,4842.483333333334,4543.905,6117.395,5118.074736842105,4782.925,4358.228387096774,6730.148571428571
193 - SIMPLE PNEUMONIA & PLEURISY W MCC,16028.176666666666,8478.106666666667,8698.87606060606,10475.40311111111,12787.043738317758,9495.440882352941,11432.398620689655,13242.562857142857,10396.036,9269.586623376623,9216.564705882352,12847.868888888888,8934.778571428571,9391.65111111111,10061.043859649122,8994.000735294117,9168.49275862069,8986.805454545454,9092.002083333333,10738.921923076923,13736.21225,10009.182777777778,9881.529125,9955.61027027027,9194.960317460318,8835.095121951219,9449.626666666667,9473.382222222222,9341.905,9712.809444444445,9757.799230769231,11159.368524590163,10131.655789473683,10834.937894736842,12600.123161764706,9159.714910714285,8887.86475,10232.255454545455,9546.512439024391,11051.68,9741.462222222222,9739.452857142858,8590.597236842104,9559.544358974359,9226.168,8996.57633802817,12047.574,10396.8725,9328.783571428572,8547.713214285714,13275.775
194 - SIMPLE PNEUMONIA & PLEURISY W CC,10842.98375,5904.57578313253,5987.229534883721,7493.555660377358,8865.390564516129,6823.291794871795,7857.336774193548,9541.024285714286,7306.8983333333335,6365.524846625767,6454.0655,9512.540769230769,6074.160303030303,6492.881,7026.807983870967,6184.675,6398.337906976744,6225.39265625,6249.364242424243,7373.008070175439,9315.230681818182,7092.5763157894735,7016.898202247191,7031.5508,6453.042027027027,6189.864310344828,6803.276363636363,6590.109024390244,6786.671428571429,6650.218888888889,6627.532307692308,7780.72625,7684.746,7388.978,8368.056794871794,6331.245447154472,6356.097857142857,7257.4289655172415,6558.865839416058,7341.734,6590.6850980392155,6791.587,5932.669456521739,6628.157854251012,6679.706666666667,6307.352253521127,8488.855,7163.729347826087,6465.687903225807,6097.3475,9141.142222222223
195 - SIMPLE PNEUMONIA & PLEURISY W/O CC/MCC,7617.95,4215.646891891892,4216.285641025641,5251.925365853658,5942.068033707865,4730.727142857143,5584.044285714286,6308.558333333333,5014.132,4457.982094594595,4525.155833333333,6170.692222222222,4324.754545454545,4595.497777777778,5049.8735964912285,4432.879714285715,4417.9975,4382.9960655737705,4424.099636363636,5302.714905660378,6081.016666666666,4684.028666666667,4891.5225352112675,4948.659428571428,4559.590615384615,4430.697916666667,4714.726,4735.173472222222,4832.183333333333,4770.381666666666,4802.8115384615385,5455.710847457627,5715.743913043479,5229.212105263157,5808.634852941176,4437.160097087379,4492.710350877193,4977.268636363637,4658.680327868852,5205.4800000000005,4595.630681818182,4834.772727272727,4224.830240963855,4691.6892018779345,4619.032352941176,4446.34890625,6053.598333333333,5070.834615384615,4687.541860465116,4330.718275862069,6297.868571428571
202 - BRONCHITIS & ASTHMA W CC/MCC,0.0,5090.941666666667,4966.667333333333,5725.1936,7340.072626262627,5937.968666666667,6906.51875,7499.0160000000005,6135.3460000000005,5476.623738317757,5363.198461538462,8226.47,5037.358,5836.115,6338.891111111111,5560.152647058823,5208.3422222222225,5244.014545454545,5272.051851851852,6543.347380952381,8374.755757575758,5468.41,6142.54,5830.646923076923,5396.690333333333,5093.105625,5195.886666666666,5799.272045454545,0.0,5512.323333333333,5741.721666666666,6337.4628571428575,5757.048333333333,5991.846666666666,7771.061046511628,5533.654745762712,5650.676,6531.195,5887.791463414635,6700.6016666666665,5513.673666666667,5602.58,5036.38303030303,5600.6029,5442.040000000001,5273.590697674418,7340.25,5978.296875,6081.6611111111115,5050.808461538461,7339.54
203 - BRONCHITIS & ASTHMA W/O CC/MCC,0.0,3818.779705882353,3845.8633333333332,4194.589285714285,5451.273414634146,4081.4500000000003,5108.881,5580.746666666667,4642.7474999999995,3893.696117647059,4027.415,0.0,3724.075,0.0,4606.230392156863,3971.23,3663.0575,3824.5435,3783.534090909091,5711.287428571429,5667.832307692308,0.0,4376.733636363636,4623.2425,4018.155625,3702.3915384615384,0.0,4132.612666666667,0.0,3802.935,4256.495,4718.6677272727275,4273.742,4438.058333333333,5831.211538461538,3916.083125,3653.9744444444445,0.0,4057.778867924528,4763.0425,4155.652666666667,4152.18,3483.496666666667,4127.842741935484,0.0,3724.1826923076924,0.0,4238.12,4285.552857142857,3757.8955555555553,0.0
207 - RESPIRATORY SYSTEM DIAGNOSIS W VENTILATOR SUPPORT 96+ HOURS,54385.475000000006,31550.77380952381,31475.028,37188.23,49380.40854545455,41168.693999999996,44304.78611111111,49544.528333333335,36785.72666666667,33527.16191011236,35721.79314285715,46450.816666666666,36338.0575,40776.46,37925.76574074074,33025.52321428571,37879.50142857143,32983.19652173913,32779.8276,41887.22136363637,48256.604,40423.99333333333,37925.751951219514,46069.06416666666,34674.24035714286,34809.63444444445,31074.73,35313.51470588235,34601.206666666665,32464.46,40939.7,39748.231458333335,33518.916666666664,39413.03,49828.32132530121,32231.189682539683,34714.82875,46480.415,36674.68076923077,38361.10333333333,36268.5412,45149.72,32805.661,34238.34924050633,41138.61,36566.010625,45255.08500000001,43280.329333333335,42506.56444444445,31785.072,0.0
208 - RESPIRATORY SYSTEM DIAGNOSIS W VENTILATOR SUPPORT <96 HOURS,26863.5,13222.063333333334,13452.818888888889,16628.927560975608,21084.876407185628,15552.968181818182,18734.08681818182,22071.806666666667,17595.12,14595.751666666667,14579.15359375,20556.4725,14359.062352941177,16083.04,16544.591170212767,14419.923272727272,14845.271999999999,13973.803877551021,14558.298292682926,17543.37222222222,21602.68552631579,16501.027142857143,16073.672923076923,17467.19476190476,14754.93590909091,13927.6878125,14676.546,15278.493846153846,14514.805,15369.107857142857,15192.937272727273,17504.639655172414,17563.345555555556,16862.24125,19759.685555555556,14460.689565217392,14376.003333333334,16780.86,15061.398817204301,19251.123333333333,15219.16935483871,16466.309999999998,13491.2352,15152.153825503356,15641.962857142857,14690.4362,20091.845,17010.33342105263,16286.071785714286,13541.833478260869,18655.905
238 - MAJOR CARDIOVASC PROCEDURES W/O MCC,29606.1,17507.22888888889,18348.413125,21560.380833333333,27332.029857142858,22036.498571428572,25651.33785714286,27271.633333333335,23115.39,19744.70469879518,20717.796,24323.309999999998,19209.461666666666,20581.847999999998,22478.9248,19971.461333333333,19099.793333333335,20093.65611111111,19285.3425,25368.25875,30625.66875,21000.66,22276.21918918919,22311.76142857143,19617.921785714287,19365.399333333335,21350.34,21475.511304347827,19353.75,20901.39875,21813.2575,22579.515,22907.376666666667,21960.847,25456.217906976744,20828.801304347828,20191.26142857143,23030.725454545453,21309.438510638298,23165.32,21191.915294117647,21592.82,19246.4725,20810.571948051947,22400.874285714286,21446.164285714287,27731.91,24173.5616,21535.634347826086,18781.43,30489.07
243 - PERMANENT CARDIAC PACEMAKER IMPLANT W CC,23134.48,14677.412857142857,15452.969230769231,18166.3728,22121.508365384616,16530.29142857143,19736.477894736843,22796.08,18408.905,16254.773406593407,16928.646,25820.513333333332,15968.924615384616,15868.8325,18319.30640625,16031.217586206896,15471.436153846154,16058.26,15605.144736842105,20898.518,25262.52347826087,17376.592,18685.497317073172,19082.301333333333,15936.410370370371,16532.387333333332,17291.2025,18158.217,16709.068333333333,17237.35777777778,17718.636,19150.393555555554,16549.2575,18220.823333333334,21148.951964285716,16745.646538461537,16067.12625,18624.24,17373.81887096774,18618.27,17287.145555555555,17285.28,16122.502727272727,17000.683037974683,17057.884,16946.363703703704,22256.65,18851.381666666668,18224.69,15912.7625,22800.02
244 - PERMANENT CARDIAC PACEMAKER IMPLANT W/O CC/MCC,17493.17,11440.229,11773.15875,13845.736538461539,16512.4097752809,13741.023,15905.224375,14920.645,14002.543333333333,12497.308604651163,13469.097083333334,16551.920000000002,11811.925714285715,12805.848,13689.26267857143,13362.953125,12070.605714285713,12705.961875,11974.315333333334,16425.1668,20270.579999999998,14058.85,14112.491515151516,14021.92,12285.269629629629,12429.596875,15546.525000000001,13773.616428571428,12739.921666666667,13433.8975,13853.274000000001,14616.46175,12973.638,14212.746666666666,16648.653773584905,12665.562173913044,12515.658666666666,13814.427272727273,13426.650819672132,16293.210000000001,13030.786818181818,13345.087500000001,12514.639583333334,13148.611492537313,13417.69,13079.495555555555,17739.96,14320.594285714285,13862.058235294118,12512.904999999999,18221.805
246 - PERC CARDIOVASC PROC W DRUG-ELUTING STENT W MCC OR 4+ VESSELS/STENTS,30857.32,18387.07888888889,19435.19125,23377.938620689656,28632.284642857143,23160.016666666666,28644.68,27018.985,24490.218,20690.341944444444,21540.8885,26152.54,20554.10230769231,21035.392,24320.944444444445,21835.307307692306,20133.986666666668,21801.746,20924.321500000002,29049.743076923078,30282.153846153848,24653.940000000002,23493.81103448276,25264.312857142857,20076.33892857143,21035.758461538462,20739.1725,23317.762,20574.24166666667,22655.97,24439.853333333333,26368.2536,23924.44,22852.2175,28849.32871794872,21859.794146341465,20856.01090909091,24222.225714285716,23296.22552631579,26314.440000000002,22526.124285714286,20806.675,20162.36304347826,21834.840273972604,24164.04,21573.294545454544,28758.32,23127.351176470587,21764.185333333335,20519.076666666668,35311.705
247 - PERC CARDIOVASC PROC W DRUG-ELUTING STENT W/O MCC,21457.6225,11109.3,11657.054761904761,14764.720512820513,17349.525203252033,14204.055769230768,17301.98,16731.48,14816.302,13122.735520833334,13449.814047619047,18425.318,12471.515714285713,13283.635714285714,15105.055,13442.371702127659,12499.882105263157,12929.805833333334,13512.935588235294,16894.10714285714,18841.39736842105,14158.585,14314.070294117648,14928.291764705882,12337.91238095238,12805.209411764707,13881.14875,13741.094137931035,13306.621666666668,13954.663333333334,14857.55125,15908.58551724138,15421.974444444444,13568.655384615384,17284.09431372549,13448.256451612902,13149.477368421052,14218.544375,13710.615671641792,15754.523333333333,13898.607058823529,31166.4525,12786.825312500001,13651.173898305085,13696.92111111111,13581.870294117647,18614.59,15545.951111111111,13616.29875,11746.309090909092,17260.385000000002
249 - PERC CARDIOVASC PROC W NON-DRUG-ELUTING STENT W/O MCC,0.0,10108.91761904762,10687.487333333333,12818.035263157895,15043.850677966102,11689.049166666666,14771.551818181819,15235.885,12686.4875,11311.885416666666,11252.325714285715,17182.05,10646.741666666667,10998.535,13684.737931034482,11391.378536585366,11275.054285714286,11200.0835,11351.460625,15511.7155,16415.30875,12452.546666666667,12679.831818181818,12865.30153846154,11549.473636363637,11289.256666666666,11021.942000000001,12345.068333333333,11465.695,13285.79,12196.93,13768.614347826087,12216.68,12698.946,15384.756818181819,11550.022608695652,12209.995333333332,13299.71875,12107.632884615385,14975.21,11960.065384615384,12231.62,11036.505217391305,11751.347037037038,11163.365,12239.35,15842.43,17793.590666666667,13277.0205,10001.045714285714,15681.52
251 - PERC CARDIOVASC PROC W/O CORONARY ARTERY STENT W/O MCC,18597.3,10267.038666666667,10747.345,12941.877222222221,15914.718813559322,12197.895454545454,16390.113333333335,15401.31,13960.4,11989.521774193548,12924.834285714285,15805.64,11994.5,11291.02,13548.96025,11791.231739130435,10523.036666666667,11563.059375,11792.055833333334,16509.816666666666,19835.885384615383,12454.023333333333,13221.854642857143,13378.686666666666,11578.821739130435,11293.277777777777,12187.27,13158.586666666666,11357.923333333332,12435.321666666667,14685.025,15303.905555555555,12016.306666666667,12474.534,15765.899210526317,12647.731764705883,12814.509,13381.538333333334,12654.915714285715,14540.21,13192.183,22805.583333333332,11973.049333333332,12199.9746,13518.6175,12619.400625,17404.38,14530.533076923077,14064.139285714286,12146.9225,22549.3
252 - OTHER VASCULAR PROCEDURES W MCC,29749.61,18346.0285,19022.37923076923,22207.4835,27939.195607476635,22513.252,31327.266,30041.41,23711.296666666665,19750.857156862745,20313.214871794873,25293.063333333335,21973.362,22483.059999999998,23853.130862068967,22519.570357142857,20718.12875,19131.9475,20115.38962962963,26013.801111111112,28167.888666666666,20816.47,22809.891707317074,24354.51142857143,19926.223461538462,19851.827222222222,19885.35,21204.14129032258,18745.976666666666,22119.726,25069.57,23475.62652173913,22500.442857142858,22214.082857142857,29018.98181818182,20251.743333333332,20722.516666666666,24784.605,21801.064727272726,25522.14,21644.766666666666,22122.333333333332,18438.588076923075,21071.244361702127,21635.5775,21776.248214285715,26836.54,24321.30611111111,23839.635,18802.89875,0.0
253 - OTHER VASCULAR PROCEDURES W CC,22204.9,13441.585384615384,14629.726875,16864.7835,21613.636043956045,17252.927,21151.990769230768,21910.975,18249.17,15513.636804123711,15989.3915625,24079.27,16029.744444444445,16117.859999999999,18422.64287878788,16253.203783783783,15275.119333333334,16182.621,15433.038333333334,20614.21043478261,20865.629666666668,16002.9375,17678.447073170733,17016.10846153846,15194.334193548388,15294.503333333334,15018.439999999999,16866.12,15684.186,15664.718571428572,16831.874,18239.7684,19204.068333333333,18070.14,20744.53131147541,15711.017931034483,15298.211818181819,17763.46222222222,16771.8,18833.345,16511.79125,16189.54,14935.9825,16289.129591836734,17540.535,16315.311,22054.26,18255.266086956522,17503.544347826086,15019.54,20801.94
254 - OTHER VASCULAR PROCEDURES W/O CC/MCC,0.0,9432.37,9658.836428571429,11432.93625,13663.87918032787,11771.518333333333,13281.986153846154,14321.8275,11763.17,10270.425571428572,11083.78275862069,14039.5,10726.4375,10705.5025,12233.090208333333,10552.7390625,10138.971111111112,11121.221764705882,10978.805263157894,14172.173333333334,14164.814285714285,11317.664,11514.071875,12053.723,10152.6592,10603.594000000001,10825.97,11101.937272727273,10142.25,10430.75,11442.36,11971.776451612903,10358.2525,11603.86375,13640.136,10856.644651162791,10001.265833333333,11481.031666666666,11140.28825,12335.56,10763.677777777779,16145.47,10213.5856,10797.988550724638,11034.535,10900.068,15173.52,12176.341764705883,11438.780769230769,10088.21625,13389.689999999999
"280 - ACUTE MYOCARDIAL INFARCTION, DISCHARGED ALIVE W MCC",18814.36,10563.9846875,10557.191363636364,12852.507777777779,15540.756,12929.534615384615,13686.47851851852,16748.006666666668,12913.758,11282.286811594204,11643.789215686274,16706.527777777777,10755.673333333334,10778.953333333333,12187.266263736265,10970.120833333332,10904.508666666667,11123.378529411764,11384.549285714285,13214.377608695651,16653.26135135135,11522.970714285715,12099.183571428572,12519.795,10967.770444444444,10865.242916666666,11548.006666666666,11178.334444444445,11372.26,11395.710769230769,11912.475833333334,13504.809,13501.98125,13217.144545454545,15361.941833333334,11276.627037037037,11299.637391304348,12873.5525,11687.491057692308,12493.163,11459.6203125,11856.091428571428,10804.611333333334,12042.770967741935,15134.0925,11000.8556,16147.465,12356.2725,11410.878787878788,10438.41894736842,14979.665
"281 - ACUTE MYOCARDIAL INFARCTION, DISCHARGED ALIVE W CC",10424.7,6788.582173913043,6756.579473684211,8390.871428571429,9846.823739130436,7807.18,9197.272608695652,10091.766666666666,8252.855,7216.039024390244,7292.8136170212765,10660.892857142857,6999.551578947368,7292.700000000001,8067.7624,7228.7702564102565,7211.987692307693,7153.464838709678,7311.581,8550.748095238096,9356.60945945946,7483.569285714286,8132.30775862069,8058.448181818182,7161.877647058824,7205.9895,7793.495,7443.343333333333,7470.506,7587.154166666667,7935.5925,8385.67090909091,8409.59,7963.9349999999995,9770.7354,7391.304761904762,7033.213636363636,8296.716923076923,7720.93,8640.27875,7283.5623076923075,7927.6475,6950.239696969697,7766.796435643564,7789.87,7223.536222222222,9775.52,8028.250666666667,7882.065652173913,6900.448888888889,10108.695
"282 - ACUTE MYOCARDIAL INFARCTION, DISCHARGED ALIVE W/O CC/MCC",6906.33,4683.048636363636,4718.768571428572,5312.017,6433.999682539683,5168.9712500000005,6444.983333333334,6900.950000000001,5472.893333333333,5054.447934782609,5026.695294117647,8099.022,4741.747333333334,5000.9325,5622.791363636364,4897.385909090909,5114.255714285714,5239.823333333334,5074.195,6186.240882352941,6667.976129032258,5569.711428571429,5518.4578846153845,5254.538571428571,5118.974090909091,5074.456666666667,5046.71,5219.08170212766,4961.865,5621.0575,5459.525555555556,5797.854117647059,7012.725714285714,5794.992,6525.8514864864865,5050.7242857142855,5039.282857142857,5860.352222222222,5280.060833333333,6359.0975,5079.384761904762,5407.6,4833.3903125,5570.368035714286,7361.63,5140.239705882353,6904.876666666667,5677.890588235294,5674.73,4628.265,6811.5599999999995
"286 - CIRCULATORY DISORDERS EXCEPT AMI, W CARD CATH W MCC",17147.38,11891.2688,11614.359,14596.908333333333,20205.330757575757,16133.423999999999,16938.867777777778,17268.81,15220.42,12923.480147058823,12836.414571428571,17344.07,13051.133333333333,0.0,15331.994545454545,12708.328461538462,12342.89,13061.524444444445,14547.752142857142,20384.084,17314.473529411764,15055.24,15378.971142857143,17848.14846153846,12266.769629629629,13493.31357142857,12201.825,13960.622962962963,13986.103333333333,14962.789999999999,15369.896666666667,16035.03775,14394.8,14736.8475,18788.290512820513,13813.123181818182,13321.718333333334,13795.065,15421.801363636363,15168.14,13842.063684210527,11413.2,12533.828571428572,14021.751527777778,15356.314999999999,13818.34724137931,18344.92,17272.794166666667,16360.362142857142,11747.638,18549.364999999998
"287 - CIRCULATORY DISORDERS EXCEPT AMI, W CARD CATH W/O MCC",13095.9125,6175.018529411765,6487.1952,7896.0255,9765.096223776223,7637.926153846154,9189.848235294117,10419.3625,8138.509999999999,6855.672605042017,7081.196140350878,9936.683333333334,6768.58380952381,7329.845714285714,8049.870898876405,6913.730196078432,6531.123181818182,7034.1514705882355,7110.381315789474,8743.375,10461.770769230769,7249.354444444444,7750.958076923077,8303.163333333334,6939.63875,6798.9459090909095,7376.73,7217.556136363636,6870.6483333333335,7016.474444444444,7099.408181818182,8187.500188679245,7951.985,7660.08,10030.245205479452,7017.388857142857,6828.2892,7958.317333333333,7523.2872727272725,8035.68,7297.229285714286,7227.291666666667,6558.423488372093,7432.830985915493,7794.266666666666,7315.810243902439,10372.02,8293.14896551724,7436.935806451613,6441.148947368421,10277.75
291 - HEART FAILURE & SHOCK W MCC,16643.99,8561.232903225806,8663.533428571429,10322.517391304347,13389.492142857143,9876.066296296296,11571.766896551724,13971.808571428572,10185.14,9469.486770186335,9403.67840909091,13778.123333333333,9043.349285714286,9494.872222222222,10367.821083333334,9029.685285714286,8847.39275862069,9141.90220338983,9193.204576271186,10986.095636363636,13426.569069767442,9947.299411764707,10049.661647058823,10297.341142857143,9368.845294117647,8988.801777777779,9241.537777777778,9530.592592592593,9495.373333333333,9748.206842105263,9762.335384615384,11563.8975,10442.389166666666,10831.575789473685,12951.32595890411,9361.708378378378,9076.3298,10857.715833333334,9483.336742424242,10841.917,10011.689791666668,9833.61625,8581.05625,9748.68815920398,9445.94,9110.40111111111,12235.085,10501.572195121951,9468.846727272727,8856.6374074074065,11931.053333333333
292 - HEART FAILURE & SHOCK W CC,11872.301428571429,5808.07697368421,5872.12487804878,7227.1734,8799.07390625,6727.91027027027,7904.054666666667,9260.335714285715,6975.63,6333.855527950311,6311.747319587629,9622.543846153847,6210.826,6492.66,7095.412063492064,6196.371315789474,6164.4925,6213.462923076923,6346.695074626866,7507.006964285714,8896.890454545455,6887.1395,6919.391022727273,6985.028723404255,6432.907183098591,6114.684181818182,6534.231,6615.784698795181,6402.3,6617.905789473684,6619.379230769231,7775.757777777778,7230.781818181818,7184.004,8576.696139240506,6382.189579831933,6389.322280701755,7343.4213793103445,6594.374172661871,7369.407,6642.449814814815,6730.711111111111,5951.087888888889,6622.132911392405,6433.761111111111,6254.706164383561,8682.228,7288.520434782608,6423.629516129033,5936.131935483871,9170.6525
293 - HEART FAILURE & SHOCK W/O CC/MCC,7000.005,3971.462089552239,4028.7195238095237,4896.95918918919,5957.236994535519,4501.292272727273,5385.346785714286,6036.389999999999,4897.9259999999995,4239.188716216217,4329.748552631579,6439.268888888889,4182.867096774194,4108.3966666666665,4810.664102564103,4225.9953731343285,4256.0310714285715,4260.042711864407,4314.421515151515,5120.668,6106.201904761905,4527.4375,4819.341866666667,4705.14945945946,4331.724166666667,4129.65875,4254.394285714286,4505.04418918919,4319.425,4488.876470588235,4571.711538461538,5173.936349206349,4743.884117647059,4831.859444444444,5760.025486111111,4280.026415094339,4308.595,4789.155454545455,4485.615748031496,5094.96,4418.667272727273,4483.303333333333,4037.4382089552237,4462.643264248704,4824.856666666667,4263.61,5806.8975,4876.17925,4439.643958333333,4042.827037037037,5902.416666666667
300 - PERIPHERAL VASCULAR DISORDERS W CC,8278.08,5721.794333333333,5593.92,6764.449583333333,8301.702803738317,6112.764615384615,7772.072777777777,8871.365,7343.7275,6065.793951612904,6309.65023255814,9814.13,5913.210714285714,6620.21,6849.848850574713,6352.57525,5802.595714285714,5858.366666666667,5891.133333333333,7426.434166666667,8749.54,6336.968,6834.237192982456,7047.72,5907.207428571429,6206.140476190476,5831.514999999999,6518.865833333333,6376.8975,6089.673636363636,6725.041666666667,7386.981206896552,6597.288333333334,6666.617692307693,8743.746555555555,6128.620540540541,6047.9,7204.84,6348.866707317074,7450.902857142857,6174.3,6691.360000000001,5601.1075,6382.208839285714,6374.8,6009.565853658537,8701.29,7095.474,6625.061176470588,5797.781111111111,10675.52
301 - PERIPHERAL VASCULAR DISORDERS W/O CC/MCC,0.0,3850.08375,3800.0471428571427,4630.812666666667,5379.3903125,4486.025,5953.54125,5749.63,4546.1849999999995,4081.3970454545456,4223.44064516129,0.0,4069.322,0.0,4750.1416071428575,4348.6218181818185,3990.621666666667,3992.331176470588,4109.497727272727,5316.242857142857,6981.473181818182,4753.175,4723.893636363637,5015.9,4240.285652173913,4017.9500000000003,0.0,4725.185,0.0,4740.546,0.0,5095.77475,6368.443333333333,4628.521818181818,5857.3072,4229.689782608696,4126.7927272727275,5839.764999999999,4500.703265306122,5551.8150000000005,4219.723913043478,5562.885,4002.445714285714,4316.598648648649,4142.23,4299.278181818182,0.0,5048.055,4475.1033333333335,3842.844,5673.23
303 - ATHEROSCLEROSIS W/O MCC,5005.41,3732.995454545455,3516.491666666667,4037.920833333333,4977.693033707865,3683.6233333333334,4688.187222222223,5909.67,4772.14,3808.5181904761903,3829.857666666667,4670.943333333334,3465.1666666666665,0.0,4157.142352941177,3656.87696969697,3559.3366666666666,3659.039024390244,3761.6425,4603.6745,5802.971428571429,3990.950909090909,4150.411632653061,4290.054347826087,3576.3332258064515,3550.5005,0.0,3940.3157142857144,3863.84,4106.6,4075.423333333333,4415.453272727273,3835.95,4263.57,5150.013298969072,3747.719607843137,3636.6968,4308.035,3994.4598360655737,5035.75,3743.5316666666668,4004.435,3493.7516666666666,3980.3510666666666,4759.84,3607.2715789473687,0.0,4042.602,3941.6954545454546,3480.3175,5075.38
305 - HYPERTENSION W/O MCC,0.0,3692.5261904761905,3563.7215384615383,4650.28,5477.744897959184,3828.75,5090.2872727272725,6068.2325,4570.4400000000005,3957.733333333333,3946.8028125,5553.92,3898.6511111111113,3759.36,4461.855735294118,4104.767037037037,3889.234,3850.393125,4115.199545454546,5050.933214285715,5596.938611111111,4054.87,4410.269024390244,5742.728888888889,3938.2110344827584,3683.2853333333333,0.0,4217.356904761905,4033.0,4472.2266666666665,4236.5599999999995,4709.3628,4733.3324999999995,4446.255384615385,5866.596202531646,3978.789074074074,3862.79375,4107.09,4297.553111111111,5938.29,3991.825,4817.356666666667,3719.3036363636365,4068.4744761904763,0.0,3953.3585185185184,0.0,4423.94076923077,4169.836666666667,3692.6422222222222,5345.16
308 - CARDIAC ARRHYTHMIA & CONDUCTION DISORDERS W MCC,10800.52,7108.890277777778,7278.121428571429,8555.932647058824,10860.639733333333,8083.820476190476,9859.459285714285,12791.078,9081.0175,7824.006752136752,7942.593125,10499.532000000001,7435.062173913044,8358.9975,8488.747894736842,7659.109807692308,7269.8835,7908.918181818181,7884.6215625,9486.071739130435,12150.83888888889,8023.7519999999995,8805.664923076924,8947.677916666667,7869.044468085106,7713.458421052632,8005.8175,8132.129552238806,7835.288333333333,8327.246666666666,8350.081666666667,9483.238103448275,8782.74090909091,10404.825384615384,10842.784952380953,7906.36,7710.311111111111,9397.316875,8272.435151515152,9100.416000000001,8104.213,8015.925714285714,7431.763783783784,8215.820746268657,8486.308571428572,7799.72320754717,10671.033333333333,9077.877105263158,8254.356666666667,7393.356666666667,12419.14
309 - CARDIAC ARRHYTHMIA & CONDUCTION DISORDERS W CC,9755.178,4778.383725490196,4956.3822222222225,5883.805217391305,7262.159597989949,5656.101818181818,6625.957586206897,7745.335,6081.836,5252.721059602649,5340.379242424242,8655.3,5066.0256,5512.22875,5772.998490566038,5102.298095238095,4949.86,5165.259795918368,5161.994347826087,6369.227407407408,7454.2111904761905,5632.838888888889,5814.489729729729,5850.053823529412,5241.841228070175,5111.261538461538,5171.097142857143,5463.893243243243,5358.375,5478.177894736842,5583.472307692307,6535.464590163934,5839.173076923077,6000.747777777778,7176.553333333333,5288.428482142857,5114.793888888889,5919.670454545454,5455.614380165289,6162.767,5416.803589743589,5487.4628571428575,4892.180555555556,5484.032840236687,5528.811428571428,5231.796825396826,6931.25,5988.995,5374.224893617021,4935.6572,8093.96
310 - CARDIAC ARRHYTHMIA & CONDUCTION DISORDERS W/O CC/MCC,6975.18,3346.4842105263156,3411.181612903226,3970.1209302325583,4937.2742285714285,3797.2308,4553.536666666667,5060.65,4193.626,3621.021409395973,3648.612794117647,5269.722,3507.1286666666665,3863.7885714285712,4130.785614035088,3573.529076923077,3459.0417857142857,3576.3398076923077,3573.415555555556,4325.256545454546,5311.51325,3954.5194444444446,4007.226164383562,4040.870810810811,3610.5927118644067,3456.470294117647,3520.3685714285716,3746.2574358974357,3695.0783333333334,3767.6373684210525,3866.929230769231,4383.080161290322,4009.58,4004.6205882352942,4835.678439716312,3668.206272727273,3537.73,4126.890909090909,3777.2062096774193,4214.237,3655.6647619047617,3907.57375,3428.6158823529413,3767.407808988764,3868.8814285714284,3620.6659375,4735.2925,4128.5685,3757.6690909090908,3420.4362068965515,5001.806
312 - SYNCOPE & COLLAPSE,6714.735000000001,4133.683703703704,4592.7292,5076.505526315789,6274.533703703703,4778.3422222222225,5671.8924137931035,6318.087142857143,5127.178,4514.87525974026,4584.371739130434,6236.421111111111,4346.69076923077,4654.025,5102.039824561403,4401.9501666666665,4323.6975,4455.126730769231,4551.958157894736,5437.302727272728,6392.6792857142855,4696.705,4998.588133333334,5017.7235294117645,4547.7022,4408.964838709678,4456.25,4724.301940298507,4679.454,5054.903125,4954.556363636364,5491.866825396825,5173.902727272727,5059.114444444444,6157.720769230769,4557.940566037736,4436.962424242424,5232.740555555555,4737.98650406504,5371.368,4690.435789473684,4940.952,4234.399821428571,4785.109866666667,4831.92875,4467.508307692307,6098.396,5206.247948717949,4721.222972972973,4232.5312,6092.993333333334
313 - CHEST PAIN,6509.9475,3250.9125,3236.0263333333332,3941.96175,4888.7051741293535,3761.1596153846153,4312.589166666667,4868.678571428572,4040.146,3604.0319444444444,3585.7789855072465,5316.238,3384.9920833333335,3559.9385714285713,4001.2717757009345,3436.1036363636363,3416.8090476190478,3449.0201923076925,3606.188181818182,4191.613461538462,5362.949545454546,3487.016923076923,3887.6871641791045,4011.874333333333,3475.0512,3349.843142857143,3822.135,3646.5958571428573,3716.5525,4155.98,3788.976,4326.21344262295,4060.195714285714,3921.3727777777776,4749.3490510948905,3513.4422448979594,3391.483333333333,4127.742631578947,3688.037272727273,4223.08,3581.7632432432433,3831.228,3360.986724137931,3708.3871341463414,3911.38,3554.007258064516,4802.1849999999995,4056.1214705882353,3706.646875,3245.6386956521737,4971.322
314 - OTHER CIRCULATORY SYSTEM DIAGNOSES W MCC,20804.25,10982.567307692307,11161.305263157894,13512.73275862069,16998.903378378378,12792.98111111111,14811.829,17308.964285714286,13819.708,11510.524705882353,12080.868367346939,17090.78,11344.2475,12472.161666666667,13826.654069767443,11818.024324324324,11010.445714285714,11964.060416666667,11689.038275862069,14444.182424242425,16967.31216216216,15637.385,13093.512115384616,13447.725238095238,11933.762857142858,12132.896842105263,11685.0,12273.014090909091,11922.710000000001,11715.588888888888,12405.00375,14062.697321428572,14447.782857142858,13514.215625,16389.94301075269,11568.551139240506,11952.312352941177,14288.99,12673.724307692308,14013.7025,12599.9136,15152.11,10831.135277777777,12544.51547826087,16082.57,11874.28275,16491.71,13341.675555555556,12788.10608695652,11424.796363636364,12734.0
315 - OTHER CIRCULATORY SYSTEM DIAGNOSES W CC,0.0,5884.889375,5704.08,6713.29,8766.387843137254,6707.58,7830.487272727272,9633.415,7061.055,6071.35225,6397.419166666667,10018.68,6409.727,6416.885,7010.4034,6242.7814285714285,6593.27,6177.326923076923,6536.177142857143,7831.800833333334,8990.402666666667,6554.3075,6888.306842105263,7604.498,6075.382608695652,6110.781111111111,0.0,6814.021304347826,6219.48,6532.026,6056.471428571429,7090.801212121212,7046.84,6801.29,8523.857551020408,6465.072926829268,6246.909090909091,9616.5,7007.454418604651,9401.453333333333,6465.4270588235295,6036.38,5890.791428571429,6602.27914893617,8334.0,7509.3505000000005,24526.71,7234.942666666667,7642.905,6019.324166666666,0.0
329 - MAJOR SMALL & LARGE BOWEL PROCEDURES W MCC,68006.425,31293.13464285714,31975.092631578947,38004.271515151515,49314.377327586204,35185.083,41582.67181818182,46747.856,40755.20333333333,34148.24303921569,35618.6556097561,46749.715000000004,31881.57294117647,35000.037142857145,37536.49881578948,32967.62256410257,33718.909375,33264.29692307692,31878.767916666668,39263.62264705882,43453.67125,35388.754,36453.5912244898,40819.00761904762,34745.6127027027,36002.21157894737,31037.803333333333,35167.82711111111,32478.39,37342.055384615385,36589.11777777778,37751.93959183674,38494.75714285715,42563.16333333334,44436.24662162162,34224.505333333334,34708.64727272727,47604.8975,35238.08117647059,39412.834285714285,39856.8416,38699.63,33005.34032258065,36160.892592592594,39719.032857142854,35714.19605263158,43904.104999999996,41211.97516129032,38010.379642857144,32793.04,49121.655
330 - MAJOR SMALL & LARGE BOWEL PROCEDURES W CC,28425.236,14706.072285714286,15504.23181818182,18311.719444444443,22453.76078125,17201.861538461537,20271.274583333332,21488.24,18056.035,16119.898636363636,16901.17096153846,22535.515,15463.0505,17496.134285714284,18310.826235294116,16259.821063829788,15685.783529411765,16744.879285714287,16406.96857142857,19642.066136363635,23671.37676470588,17092.224166666667,18186.020701754387,18464.2416,15644.435476190476,16235.1152,17141.06875,17150.7174,16164.271666666667,17693.432307692306,17279.408333333333,18874.583958333333,19715.73125,17473.794615384617,20613.99855421687,16050.749027777778,15802.811739130435,18995.989333333335,17311.67864864865,18174.78,17572.699655172415,17848.535,15894.169705882352,16861.85918918919,17242.3325,16733.51275,21350.97333333333,19331.941176470587,17277.45,16028.226428571428,21621.265
372 - MAJOR GASTROINTESTINAL DISORDERS & PERITONEAL INFECTIONS W CC,0.0,7331.867272727272,7525.990833333333,8922.370384615384,10602.216021505375,8211.631428571429,10341.6895,10219.21,8667.326666666666,8044.465825242718,7903.251333333334,0.0,7614.315,7810.03,8697.385454545454,7670.746666666667,7716.095,7817.44,7693.176666666666,9522.513953488373,10566.530625,8047.889999999999,8777.821794871796,8707.077222222222,7736.506774193548,7269.546666666667,7660.745,8705.694871794873,8282.395,7866.628571428571,8261.58,9533.842653061225,9043.527142857143,9069.9325,10609.126438356165,7762.835094339623,7828.13,9416.737142857142,8639.299365079365,9630.206,8713.374736842105,8278.155,7571.1030769230765,8275.867464788733,7925.392,8103.05125,10189.643333333333,9170.044444444444,8367.048125,7476.191818181818,11144.915
377 - G.I. HEMORRHAGE W MCC,20419.35,10094.152258064516,10443.957,12278.833214285714,15613.440569620254,11647.304761904761,14066.22,17961.996,12845.404999999999,11058.943697478991,11678.04156862745,14458.946,10909.854705882353,12284.28,12405.656352941176,11538.491842105263,10949.126666666667,11077.303793103449,10928.283461538462,13273.086046511628,15677.023513513514,11760.36,12343.206964285715,14877.425263157895,10973.220256410257,11053.6245,12625.663999999999,11544.014642857142,10855.18,12288.304444444444,12141.135555555556,13343.80051724138,12632.698571428571,13158.988571428572,16231.4999,11062.307692307691,11104.752631578947,12728.956666666667,11652.582235294118,13481.11,11241.678333333333,12227.355,10353.310833333333,11686.753675213675,12117.588571428572,10845.916,17320.13,12710.37925925926,12159.688333333334,10749.256470588236,14318.05
378 - G.I. HEMORRHAGE W CC,11000.902857142857,5793.054736842106,6062.6371875,7267.041219512195,8737.021772727272,6811.583030303031,7974.318275862069,9263.041428571429,7256.418,6417.8886928104575,6498.586075949367,9576.769166666667,6329.9400000000005,6566.6,7058.253421052632,6293.72453125,6154.314838709677,6259.024716981132,6353.3078,7611.4675,9502.211162790698,6826.842352941177,6980.589761904762,7075.742926829268,6289.052333333333,6182.883684210527,6501.915,6641.2866233766235,6460.26,6746.781666666667,6730.583846153846,7784.250983606557,7262.2046666666665,7032.953333333333,8627.435886524823,6411.654864864865,6289.46,7299.216153846154,6643.150162601626,7296.852,6537.274081632653,6925.925714285714,5948.98935483871,6736.288666666666,6480.308666666667,6289.714492753623,8660.893333333333,7329.346097560976,6568.108833333334,6034.450740740741,9004.634285714286
379 - G.I. HEMORRHAGE W/O CC/MCC,8110.625,4266.962222222222,4286.7415,5248.289,6012.078285714286,4648.160666666667,5735.124285714286,6510.328333333333,4909.51,4507.081891891892,4665.711951219512,6124.1,4344.427333333333,4524.965,5029.839125,4400.130263157895,4168.553333333333,4364.929677419354,4483.479677419355,5543.714615384615,6353.3502499999995,4706.52,4939.846304347826,4999.493333333334,4508.793555555556,4273.15,4662.15,4876.753111111111,4433.42,4671.282222222222,4448.9275,5387.943090909091,5404.575,5147.840833333334,6258.740842105263,4448.266153846153,4361.195,4989.632,4908.151363636363,5597.593333333333,4495.5,4760.46,4261.017741935484,4649.64875,5323.106666666667,4577.1884615384615,6157.4125,5253.343333333333,4879.761428571429,4314.285294117647,5608.295
389 - G.I. OBSTRUCTION W CC,8797.92,5332.5926315789475,5596.89625,6637.728484848485,8054.54045751634,6421.9444,7680.02,8271.995,6379.077499999999,5885.491567164179,5928.690588235294,8094.0575,5735.459,5950.1,6393.50494117647,5695.8189130434785,5510.9,5623.4675,5768.379310344828,7145.719782608696,8054.00375,6139.797777777778,6579.461666666667,6805.929259259259,5696.445238095238,5647.437727272727,5801.134285714285,6294.656842105263,5917.6325,6450.349166666667,6173.483636363637,6932.683137254902,6571.046,6546.317,7684.3455208333335,5828.046857142857,5625.943043478261,6738.808,6227.31694117647,7218.8,6153.639142857143,6397.254,5538.1238095238095,5972.546638655462,6236.52875,5941.235833333333,8137.704,6681.473823529412,6218.077096774194,5538.230588235294,7275.843333333333
390 - G.I. OBSTRUCTION W/O CC/MCC,0.0,3775.492142857143,3789.7688235294117,4672.335652173913,5485.007567567568,4308.860555555555,5285.8983333333335,5172.6125,4780.37,4032.068053097345,4089.7716666666665,5674.402,3899.7142105263156,3981.9425,4464.453472222222,4066.605625,3962.5142857142855,3932.1120833333334,4008.7203703703703,4965.541538461538,5914.1578125,4205.561428571429,4502.961355932203,4412.2307692307695,3865.220909090909,3825.986315789474,3919.735,4478.673469387755,4133.865,4381.138181818182,4375.295555555555,4891.849347826087,4301.153333333334,4479.006,5207.744512195122,4105.578461538462,4022.016666666667,4815.883333333333,4386.427323943662,4392.918571428571,4238.887931034483,4389.392,4130.498333333333,4154.497160493827,4552.781666666667,4253.6720000000005,6065.87,4502.666071428572,4343.290434782609,3771.072727272727,5170.91
"391 - ESOPHAGITIS, GASTROENT & MISC DIGEST DISORDERS W MCC",0.0,6824.275,7124.9275,8193.59111111111,10399.765211267606,7878.7455,9519.787,11095.90142857143,9412.945,7496.290588235294,7666.1096,10296.66,7331.457692307692,8774.98,8385.604457831325,7529.571842105263,8187.746153846154,7316.75125,7611.254,9290.8415,11173.760263157894,8267.676666666666,8470.501923076923,9213.0735,7578.073095238095,7727.050526315789,7815.61,8072.715416666667,7493.652,8059.248750000001,8068.827777777778,8900.313018867924,8966.564285714285,8634.500833333334,10560.034947368422,7733.096714285714,7405.200588235294,8811.142222222223,8122.913648648649,10037.988571428572,8034.790769230769,8567.193333333333,7038.535,7989.745405405405,8553.2975,7529.289268292683,10384.310000000001,9052.57875,8589.511818181818,7060.125714285714,8563.63
"392 - ESOPHAGITIS, GASTROENT & MISC DIGEST DISORDERS W/O MCC",7960.66875,4282.202073170732,4309.5404761904765,5302.3696,6378.360161290323,5099.45925,5801.913448275862,6525.018571428572,5133.338000000001,4561.090606060606,4642.838617021277,6481.754285714286,4507.119032258064,4699.115,5176.98072,4529.008717948718,4430.91875,4519.828153846154,4545.295692307693,5439.779473684211,6746.197441860465,4981.2995,4995.268045977012,5141.593695652174,4607.4701428571425,4414.307090909091,4726.528888888889,4779.131445783132,4596.545,5055.948333333334,4904.52,5599.177301587301,5464.215185185185,5308.683,6033.511139240506,4637.2415254237285,4571.762575757576,5380.060357142857,4804.702941176471,5428.632727272728,4815.1258823529415,4813.355,4281.548139534883,4788.5729535864975,4965.16052631579,4596.174027777778,6291.941666666667,5240.891136363636,4702.87524590164,4423.387741935484,6783.21125
394 - OTHER DIGESTIVE SYSTEM DIAGNOSES W CC,8584.0,5915.3846875,6026.9225,6918.979310344827,8789.647832167831,6682.025,8304.575,8995.525,7412.706,6314.257768595041,6526.46170212766,9106.18,6098.564545454546,6215.6883333333335,7121.788625,6295.6539999999995,6341.403846153847,6453.941666666667,6402.387727272728,7668.903863636364,8621.688857142857,6489.6425,7075.3296,7961.555263157895,6132.891842105263,6132.817333333333,6220.85,6758.800909090909,6278.216,6904.327777777778,6616.276,7490.28649122807,7388.382857142858,7187.13,8704.264117647059,6360.773181818182,6477.645882352941,7186.5536363636365,6729.5789873417725,7360.795,6740.2915,6772.035,6045.639666666667,6688.190280373832,6780.05,6628.045897435897,8722.67,7683.3803333333335,6806.763913043478,5951.127142857143,8486.265
418 - LAPAROSCOPIC CHOLECYSTECTOMY W/O C.D.E. W CC,14947.8,9493.152962962962,10101.328461538462,12408.605185185186,14233.848358208956,10561.78,13633.4175,14557.91,11910.975,10459.194320987654,11010.602592592593,0.0,10163.957,11412.186,11906.288510638298,11164.420454545454,10491.961428571429,10603.13619047619,10963.431764705883,13783.757333333333,12942.769,11491.47,11944.784516129032,12175.377777777778,10423.234444444444,10230.277272727273,11009.881666666666,11657.221176470588,10748.583333333334,11228.57,12330.256666666666,12206.371052631579,12437.74,11702.119,13668.570714285714,10592.7559375,10396.327857142856,11915.2,11395.907142857142,13763.45,11415.891764705882,11964.946666666667,10251.917692307692,11036.847777777777,10658.1775,11143.462608695652,12306.0,12680.096111111112,11155.47357142857,9696.45,13662.405
419 - LAPAROSCOPIC CHOLECYSTECTOMY W/O C.D.E. W/O CC/MCC,10005.54,6712.142857142857,6785.010909090909,7996.4792,9665.681451612903,7303.381666666667,9199.419166666667,8805.735,8270.693333333333,7471.7175,7448.591739130435,8596.63,7455.086,7224.376,8702.008695652174,7213.832,6635.87,7285.2315,7685.811111111111,9176.170434782609,10354.053125,7402.0,7939.100416666667,8467.312307692308,7163.951428571429,7106.660666666667,7540.54,7849.104642857143,7512.793333333333,7886.801428571428,8269.7,8534.787647058823,9020.618571428571,7926.65125,9693.35456521739,7555.198709677419,7094.725,8160.8724999999995,8153.557575757576,7620.175,7421.107894736842,9075.056666666667,7070.1559090909095,7709.740428571428,7938.325,7170.677692307692,11677.29,8501.474166666667,7936.448888888889,7280.061111111111,10181.69
439 - DISORDERS OF PANCREAS EXCEPT MALIGNANCY W CC,0.0,5877.0616666666665,6062.299285714285,7006.321052631579,8749.20806451613,7216.961,7993.052142857143,10413.31,7034.695,6287.416417910448,6893.7300000000005,0.0,6971.468,6893.855,7704.827708333333,6451.309090909091,6567.65625,6468.348,6155.95,7875.4766666666665,8793.197575757576,6597.925714285714,7519.9405405405405,7707.663684210526,6241.904583333333,6152.2925000000005,7364.45,7064.247317073171,6549.196666666667,8981.466666666667,7157.182857142857,7698.522702702703,8465.789999999999,8149.293333333333,8717.135128205127,6789.710909090909,6256.1575,8134.133333333333,7363.158421052632,7736.123333333334,6789.114166666666,7196.606666666667,6187.078,7060.913387096774,7510.558,7055.396428571428,9503.31,7443.006315789474,7610.99,6580.266363636364,10424.085
460 - SPINAL FUSION EXCEPT CERVICAL W/O MCC,40283.92333333333,21276.765555555558,22900.5325,27529.156086956522,32552.338541666668,30645.290357142858,30760.167777777777,31811.6,26427.583333333332,24883.257362637363,26674.65777777778,35648.354999999996,23971.916470588236,25366.356363636365,29110.533636363638,29810.952564102565,23483.479375,25534.788125,26220.10148148148,31621.390476190478,39238.624814814815,26197.635714285712,27208.72268292683,27013.590909090908,26768.034333333333,24935.348666666665,26301.54,26004.864375,24450.773333333334,25405.772142857142,28042.802857142855,28768.620967741936,29154.196666666667,27989.072857142855,31039.448431372548,25985.865094339624,25334.077142857142,28260.144210526316,25559.507857142857,28367.23285714286,26736.588846153845,25005.994,25257.34212121212,26927.86176470588,26587.485454545455,27098.36025641026,32411.0325,31892.053103448274,27149.49086956522,25956.628333333334,38214.26
469 - MAJOR JOINT REPLACEMENT OR REATTACHMENT OF LOWER EXTREMITY W MCC,0.0,18139.204347826086,18950.478888888887,22407.660952380953,27661.126612903226,21602.016666666666,25420.425333333333,24300.455,22699.993333333332,20111.868260869567,20797.091785714285,0.0,18950.3125,20877.886666666665,21628.224791666667,20498.17043478261,20433.723846153847,21096.326666666668,20220.274,26600.255,29987.728,20561.651666666665,23035.1334375,22943.449411764705,20304.827307692307,21576.568,21168.006,21815.98942857143,21115.2775,21447.7275,23777.845,23236.587083333332,21039.72,22493.242000000002,28322.37975609756,21746.700263157894,21158.202666666668,23127.665,23405.41108108108,26727.46,21717.77176470588,23631.7425,19438.56464285714,21764.560461538462,18884.925714285713,20675.1468,27294.08,24172.048,22020.661333333333,19027.336666666666,0.0
470 - MAJOR JOINT REPLACEMENT OR REATTACHMENT OF LOWER EXTREMITY W/O MCC,23132.65142857143,11927.384528301887,12292.620357142858,14787.287959183674,17684.59421276596,15154.967272727272,16491.887586206896,18453.9,14818.714,13311.962913907284,13612.348024691359,19601.224545454545,12922.762727272728,13781.681666666667,14983.624181818182,13705.692567567568,12991.81409090909,13244.442083333333,13213.124193548387,15823.874642857143,21892.047441860464,14515.1605,14349.823258426966,14969.201632653061,13516.103968253969,13019.58,13551.175,13481.78175,13550.938333333334,13809.94761904762,14339.315384615384,15549.250333333333,15488.89347826087,14899.677142857143,16761.400425531916,13269.52373015873,13060.515882352942,15636.86064516129,13383.214814814815,15410.769,13781.048139534883,13510.632666666666,12972.773650793652,13950.560044642858,14344.69037037037,13228.2446875,17882.735,15382.747555555556,13703.702222222222,12499.920740740741,19187.111818181816
473 - CERVICAL SPINAL FUSION W/O CC/MCC,18044.675,11621.61,12297.278333333334,14640.29,17325.771896551723,14746.596666666666,16853.661428571428,18607.84,13805.005000000001,13211.044328358208,13586.845789473684,17314.195,13203.63625,13854.35,16475.345384615386,13504.339583333334,12820.831,13113.393125,13514.584,17389.708461538463,22714.84,14557.076666666666,14639.24625,16109.156666666666,13205.740526315789,13330.222,13927.7675,13944.866129032258,14265.51,13667.32875,16145.655,16599.555,17810.22,15071.969090909091,16558.522916666665,14238.925625,13189.154285714285,14842.505,15072.384,16072.17,14476.712380952382,13176.6125,13029.4324,13974.170897435897,14243.63,13962.986086956522,17496.38,16190.412777777778,15622.787272727273,14503.869999999999,18846.546666666665
480 - HIP & FEMUR PROCEDURES EXCEPT MAJOR JOINT W MCC,0.0,17048.58611111111,17114.183636363636,20923.564210526314,25875.52695652174,20172.585454545453,24769.1625,23815.66,23974.550000000003,19349.02231884058,19389.500869565218,27744.18,18540.741538461538,18259.795000000002,19883.116222222223,18567.869599999998,17994.705555555556,18510.61375,18874.877272727274,23791.4108,24372.0785,20462.318,21321.754166666666,20353.5175,19110.543461538462,19735.031,19334.0375,19894.60081081081,18855.21,18809.27111111111,20455.565,22767.44205882353,24106.9725,22655.375,27023.3406,19933.06552631579,18955.673636363637,21244.103333333333,22065.80888888889,23394.913333333334,19818.743076923078,22030.6425,17582.428260869565,19716.36746031746,17540.332000000002,18742.086785714288,28554.379999999997,21039.5125,20039.573125,19267.385,20335.86
481 - HIP & FEMUR PROCEDURES EXCEPT MAJOR JOINT W CC,22149.079999999998,10438.411463414634,10750.73347826087,13332.99268292683,15463.529202453989,11994.893,14419.72827586207,15312.5825,12818.205,11688.509338235293,11683.00619047619,16815.0425,11186.087407407407,11852.456666666667,12490.5071875,11240.820188679245,11417.1752,11514.152105263158,11575.859714285714,13969.400204081632,18301.931714285714,12422.325,12712.60757142857,12836.3703125,11432.10274509804,11509.172083333333,11775.965555555556,11977.797391304348,11859.465,12277.956470588235,12354.092499999999,13668.841698113207,13273.667857142857,12474.913846153846,15080.040462962963,11509.557802197802,11347.331875,13391.90142857143,11852.388613861385,13206.904444444444,12024.491666666667,12647.253333333334,11025.145918367347,12013.188012820512,11623.033333333333,11701.6118,15603.562,13453.124358974359,11780.618703703703,11162.966315789474,15138.76
482 - HIP & FEMUR PROCEDURES EXCEPT MAJOR JOINT W/O CC/MCC,16240.130000000001,8621.119545454545,8726.155789473683,10965.130833333333,12418.740588235294,9834.716666666667,12085.957142857143,13445.95,11226.92,9457.030344827586,9525.689714285714,17369.845,9781.100909090908,9767.757142857143,10390.637435897435,9319.816388888888,9609.906363636364,9532.77,9154.915294117647,11926.234444444444,14614.7172,10251.966666666667,10877.911,10440.28125,9348.589130434782,9400.65705882353,9339.788,10247.11696969697,9745.01,9832.81,10535.496,11096.862285714285,10249.00111111111,10328.964,13613.851428571428,9128.015757575757,9079.707857142857,10477.836666666666,10058.142,10553.91,9946.060555555556,10611.363333333335,9045.44,10027.428734177216,9753.016,9420.876896551725,13481.932499999999,10603.376,10227.499285714286,9498.5525,12706.15
491 - BACK & NECK PROC EXC SPINAL FUSION W/O CC/MCC,8510.8,5615.034285714286,5632.4972727272725,7058.402352941176,8607.688554216867,6898.5995,8311.1,8057.893333333333,7296.094999999999,6349.887746478873,6631.7891666666665,8022.64,5929.884615384615,6315.755,7487.360638297872,6578.396363636363,6001.965384615384,6503.575333333333,6411.481333333333,8230.640869565217,10610.7796,6358.972,7037.204705882353,7007.867619047619,6314.24,6677.439,6572.856,6773.1658333333335,6673.8225,6621.231111111111,7613.176666666667,7296.7555555555555,6938.7266666666665,7035.82,8522.149142857143,6461.687567567567,6573.80380952381,7320.577058823529,6621.633720930233,8089.33,7159.742105263158,6573.364,6290.691153846154,6674.852702702703,6584.007142857143,6464.632608695652,9324.92,7331.988965517241,6576.518235294117,7126.838333333333,7947.42
536 - FRACTURES OF HIP & PELVIS W/O MCC,0.0,3947.8305263157895,3934.2541176470586,4944.8775,5661.232597402597,4583.004285714285,5531.504375,5235.825,4764.82,4273.840860215054,4388.349655172414,6934.356666666667,4342.7300000000005,4465.784,4498.3669491525425,4195.016071428571,4239.895,4301.093529411764,4271.476363636363,5276.779428571429,6320.895555555556,4887.581666666667,5047.517368421053,5155.6775,4185.423461538461,4443.87375,4703.0475,4958.137692307692,4913.8966666666665,4449.094285714285,4651.464,5128.5919047619045,5093.44,4776.235454545455,5718.05421686747,4437.630697674419,4072.4841666666666,4875.97375,4676.355178571429,5022.116,4418.019090909091,5026.843333333333,4118.480555555556,4600.088636363636,4268.37,4235.0484375,5949.873333333333,5024.9608333333335,4953.11875,4107.775,6043.48
552 - MEDICAL BACK PROBLEMS W/O MCC,7134.4,4675.4153125,4839.497916666667,5841.093461538461,6936.014675324675,5332.483076923077,6512.678571428572,7473.111666666667,5738.295,5213.792627737226,5298.962142857143,7793.716,5027.459090909091,5268.733333333334,5729.146,5010.643191489362,4897.488823529412,5121.392580645162,5273.4518181818185,6133.0146938775515,7365.183589743589,5295.573571428571,5778.911034482759,5854.331785714286,5106.924347826087,4970.854285714286,5338.586666666667,5547.164693877551,5396.89,5585.557333333333,5214.926363636364,6480.963,6070.044444444445,5538.885333333334,6979.908,5101.505505617977,5069.075909090909,6319.8,5419.054787234042,6778.254,5270.597142857143,5540.534285714286,5046.099375,5506.018181818182,5768.6900000000005,5192.645555555556,6392.36,5908.2421875,5552.5841176470585,4741.784736842105,6299.465
"563 - FX, SPRN, STRN & DISL EXCEPT FEMUR, HIP, PELVIS & THIGH W/O MCC",0.0,4118.8435714285715,4060.4814285714288,5051.609166666666,6129.500869565218,4541.118666666666,5642.458571428571,5973.33,5224.366666666667,4444.795393258427,4694.036470588235,0.0,4262.7880000000005,4555.38,4838.432962962963,4539.725652173913,4042.777777777778,4302.220625,4205.322,5442.627111111111,6665.091333333334,4835.641428571428,5057.438918918919,5447.044375,4441.105652173913,4220.094444444444,4911.94,5217.038695652174,4776.475,4457.526666666667,5359.305714285714,5683.058461538461,6224.136666666666,4963.492857142857,6206.556818181818,4559.441914893617,4401.681111111111,5214.64,4853.1749206349205,5859.716666666666,4677.457058823529,4957.71,4280.675909090909,4648.1228846153845,4226.54,4491.1218181818185,6202.860000000001,5389.99,4886.6125,4556.76625,6071.5
602 - CELLULITIS W MCC,0.0,8779.949333333334,8454.77,10139.069375000001,12957.546790123457,9996.058333333334,12010.795,12594.0825,9793.063333333334,9250.690135135135,9200.98962962963,15920.24,8726.852222222222,8802.325,10151.997962962963,8984.56625,8914.381666666666,8912.920625,9617.525,11460.95037037037,11504.17,9951.35,10600.746046511627,10946.098333333333,9046.067083333333,9079.549090909091,9115.76,10690.821034482758,9160.26,11686.2775,8676.92,11289.556363636364,11179.654999999999,12526.274,13124.253559322035,9407.97,9720.7025,11737.716,9876.744090909091,12112.493333333334,9528.191538461539,10253.575,8702.344705882353,9562.673150684932,9296.0,9278.4675,13023.12,10530.5055,10958.934615384615,8750.3675,11296.0
603 - CELLULITIS W/O MCC,9748.62625,5001.0158904109585,4869.180555555556,6302.672222222222,7333.069152542373,5566.048,6658.853666666667,7540.124285714286,5966.224,5262.029056603774,5378.742808988764,7962.836363636364,5142.993225806452,5399.6075,5953.10725,5261.2508333333335,5242.509696969697,5169.155689655172,5203.955076923077,6165.964736842106,7583.723720930233,5806.95,5768.812771084337,5951.323902439024,5354.943142857142,5079.378490566038,5459.018888888889,5502.164,5404.19,5583.888888888889,5626.638461538461,6442.819516129032,6230.592,5939.281578947368,7048.910584415585,5236.8974576271185,5277.604489795918,6086.162,5482.923816793893,6164.867,5468.390638297872,5479.55625,4955.989512195122,5476.753405172414,5378.227692307692,5171.954202898551,6834.046666666666,6030.271395348837,5310.8269491525425,4910.445161290322,7509.54
638 - DIABETES W CC,7762.5199999999995,4744.76243902439,4858.523043478261,6088.806923076923,7507.7618125,5609.702,6598.813,7610.518333333333,5926.798,5271.8508,5289.736101694915,6952.27,4971.139411764706,5456.81,6097.494777777778,5140.410952380952,5070.221538461538,5213.554358974359,5231.238684210526,6363.297608695652,7473.458333333333,5521.018888888889,5855.072542372881,6094.15294117647,5209.394565217392,5140.064333333334,5107.1175,5497.70484375,5530.3175,5185.525,5487.415714285715,6438.564745762712,5997.142307692307,5978.706923076923,7445.075128205128,5218.67731707317,5173.35,6154.618888888889,5579.119659090909,6609.592857142857,5436.006857142857,5769.5233333333335,4963.4002083333335,5576.756899224806,6119.1016666666665,5290.128333333333,6762.36,6119.571379310345,5801.817083333333,5021.1375,6805.4
"640 - MISC DISORDERS OF NUTRITION,METABOLISM,FLUIDS/ELECTROLYTES W MCC",13086.93,6691.2803125,6795.602105263158,8120.796470588235,10203.964102564103,7750.405652173913,9183.997391304347,12601.22,8563.056,7064.789444444445,7255.734576271187,10472.998571428572,6957.28,7429.984285714286,8142.285760869565,7320.433658536585,6883.789333333333,7264.5721875,7076.580666666667,8757.9825,10382.59275,7946.974,8121.571818181818,8484.05619047619,7137.631818181818,7095.2452,7139.4175000000005,7582.243333333334,7300.824,8049.9975,7659.58875,8902.58107142857,8129.287777777778,8006.925714285714,10475.178113207547,7126.156341463415,7057.547826086957,8212.351875,7658.382875,11740.226666666667,7500.743793103448,8229.29,6818.003902439024,7640.9313432835825,7680.621428571429,7306.8969230769235,9888.220000000001,8428.396875,7841.064814814815,7615.247857142857,10475.904999999999
"641 - MISC DISORDERS OF NUTRITION,METABOLISM,FLUIDS/ELECTROLYTES W/O MCC",7800.78,4053.55,4036.441707317073,5084.3714893617025,6061.648893617022,4740.040256410256,5466.132333333333,6357.065714285714,4953.508,4331.075095541401,4404.094020618557,6289.246363636364,4260.4440625,4518.454,4963.86837398374,4221.176710526316,4249.593170731708,4280.52328125,4298.771846153846,5147.339655172414,6708.132790697675,4550.1975,4745.727682926829,4833.3360416666665,4414.132714285714,4210.119272727273,4419.795555555555,4568.418888888889,4398.04,4590.073888888889,4649.709230769231,5320.063174603175,5044.0216666666665,4824.1675,5834.41173076923,4325.206440677966,4375.138970588236,4974.476,4629.689307692308,5095.67,4560.863076923077,4648.74625,4074.635909090909,4544.561171548117,4608.816666666667,4327.626857142857,6062.108333333334,4976.364761904762,4493.952321428572,4172.667586206897,6072.23
682 - RENAL FAILURE W MCC,17045.54,9427.56268292683,9794.130416666667,11713.033589743589,14625.047486910995,11566.772916666667,13267.07851851852,15979.98,11826.226,10319.276258503402,10463.218356164383,13735.356666666667,9981.18304347826,11316.16375,11739.512989690722,10343.747924528301,9898.741578947369,10233.84282051282,10180.218222222222,12060.447647058823,14873.40825,10555.193636363636,11499.765625,12620.585909090909,10226.436875,10534.3752,10731.72,10777.847567567567,10328.055,11023.458333333334,11070.476153846153,12793.424166666666,12008.129,11737.21705882353,14863.988548387097,10235.434042553192,10047.52677419355,11610.372631578948,10789.546,12442.944444444443,10791.65625,11511.1325,9741.133392857142,10976.2625,10471.446666666667,10171.024915254236,13542.93,11911.756923076922,10910.339487179486,9835.049130434782,14483.82
683 - RENAL FAILURE W CC,10749.036,5832.153333333334,5947.293448275862,7103.319130434783,8990.876790697674,6975.879310344828,7844.826774193549,9149.727142857142,7236.824,6358.21538961039,6317.679772727272,9420.288888888888,6169.542307692308,6605.668888888888,7022.540467289719,6294.060158730159,6183.7,6174.602075471698,6261.786470588236,7439.130526315789,8780.281666666666,6748.04,7021.07027027027,6991.30972972973,6286.124915254238,6144.93972972973,6474.267777777778,6626.151,6442.92,6673.322666666667,6715.843846153846,7871.375322580645,6969.950588235294,7387.333888888889,8813.088897058824,6295.815849056604,6165.6904651162795,7448.652083333333,6659.998595041322,7365.207,6556.360833333333,7501.995,5915.008235294118,6629.257675675675,6404.790666666667,6254.010298507463,8472.594,7276.509523809524,6463.805818181818,5944.516923076923,9087.956666666667
684 - RENAL FAILURE W/O CC/MCC,0.0,3855.3752631578946,4045.623,4399.745714285714,5461.309487179487,4475.834285714286,5442.801111111111,5252.585,4532.639999999999,4166.453246753247,4435.443666666667,0.0,4117.676428571429,3988.81,4602.004666666667,4078.53,3900.9525,4023.37875,4088.5805882352943,5097.582333333334,5920.247567567568,4257.395,4747.609,4770.3,4252.8175,4075.790625,4104.45,4530.175641025641,4157.536666666667,4394.85,4782.907499999999,5066.45488372093,4562.5,4655.13125,5812.91390625,4295.5734,4124.3775,5487.066666666667,4660.056730769231,5703.606666666667,4150.6809523809525,5105.093333333333,3901.8820833333334,4385.042898550724,4946.236666666667,4263.6568965517245,6294.41,4784.004285714285,4409.291538461538,4060.658888888889,5736.28
689 - KIDNEY & URINARY TRACT INFECTIONS W MCC,10253.25,6863.529069767442,6989.475909090909,8237.263214285715,10306.623485714286,7473.905238095238,9251.8092,10765.302,8396.956,7497.099124087591,7517.560454545454,12194.380000000001,7149.985789473684,7645.0975,8100.861612903226,7214.8387999999995,6856.888181818182,7262.683,7443.198695652174,8744.59918367347,10693.002051282052,8445.582,8355.335000000001,8351.58,7274.162653061225,7331.953125,7293.163333333334,7822.064603174603,7641.755999999999,7489.317272727273,8659.025,8993.757777777777,8399.845,8547.226923076923,10536.093465346534,7381.312688172043,7595.890869565217,8001.293,7773.603232323232,8740.355555555556,7937.552647058824,8640.0,6828.610327868852,7823.444933333333,7118.83625,7273.151403508772,10898.130000000001,8418.984444444444,8076.125217391304,7288.753333333333,9563.564999999999
690 - KIDNEY & URINARY TRACT INFECTIONS W/O MCC,8331.255714285715,4550.324534883721,4593.541904761904,5813.878823529411,6845.972401574803,5205.231025641026,6017.907333333334,7240.848571428572,5558.39,4838.522484848485,4889.211212121212,7016.797,4771.4951515151515,4969.551,5430.413333333333,4768.150533333333,4765.872439024391,4812.2104615384615,4859.948059701493,5764.422105263158,7209.655813953488,5265.081666666667,5336.143023255814,5412.691521739131,4882.482222222222,4783.241228070176,5020.827,5111.165365853659,5041.455,5128.386111111111,5091.379230769231,5997.561587301588,5838.552692307692,5487.734736842105,6603.622792207792,4900.117394957983,4844.693809523809,5482.91037037037,5110.867941176471,5699.869000000001,5097.266481481482,5164.633333333333,4581.582210526316,5079.4550196078435,4869.280476190476,4798.1875,6439.67,5548.144222222222,4937.994237288136,4696.0659375000005,7133.78875
698 - OTHER KIDNEY & URINARY TRACT DIAGNOSES W MCC,0.0,9200.02294117647,9415.626666666667,11778.730588235294,14620.598823529412,10487.898461538462,13665.590625,14867.0975,14172.57,10043.534545454546,11400.615789473684,14614.12,9708.792222222222,11874.543333333333,11232.617037037036,10012.94,10067.021428571428,10490.436923076923,10800.092,12836.053333333333,15566.654285714287,10536.61,11558.52846153846,13157.885833333334,10328.3716,10096.5,10308.35,10806.106551724139,11219.8375,9340.4025,12749.0275,12361.972941176471,13995.375,15144.95,14237.216595744681,10392.426764705882,11087.693333333333,10926.571666666667,11288.659166666666,12863.244999999999,10727.033076923077,12339.02,9888.885909090908,12013.0094,10664.198,10702.493571428571,14300.3,12540.196666666667,11753.515,10150.088571428572,0.0
699 - OTHER KIDNEY & URINARY TRACT DIAGNOSES W CC,0.0,5909.480833333333,5975.863333333334,7028.148421052631,8895.504782608696,6433.242352941176,7892.731538461539,9306.426,7488.995,6296.660277777778,6991.2528571428575,9261.72,6899.045714285714,5977.06,6960.4294,6340.19576923077,6585.008,6414.43,6664.069090909091,7741.496071428572,8794.540689655172,6743.3475,7264.276756756757,7773.4375,6291.2284615384615,6068.852727272727,5814.48,7150.189259259259,6807.4575,6281.3525,6848.224,7342.544857142857,8817.4875,6906.7528571428575,8860.637735849057,6507.601,6493.135833333334,8362.382,7248.90914893617,8043.733333333334,7420.2025,8080.576666666667,6131.975454545454,7858.896140350877,9590.64,6897.957619047619,10229.51,7704.945789473684,6792.24125,6335.074444444444,0.0
811 - RED BLOOD CELL DISORDERS W MCC,11915.15,7327.839565217391,7551.257857142857,9471.1775,11557.738645833333,10695.4125,10915.499333333333,12122.397500000001,9108.057499999999,8398.476923076923,8822.3655,0.0,7793.3275,7953.055,9032.337391304347,8128.0415,7692.843,7901.187894736842,8161.067857142857,10127.850740740741,11047.35806451613,8098.5,9104.433170731707,10930.25375,7685.431612903226,7991.827894736842,0.0,8832.769,8049.41,7870.982,8406.6,9829.127045454545,7885.1,10338.6175,11597.805517241379,8376.150980392156,8120.635,11273.345,8999.60923076923,10038.279999999999,9071.554,9325.54,7878.771739130435,8700.421477272726,9404.225,8470.879142857142,0.0,8929.254666666666,9067.415555555555,7978.453,0.0
812 - RED BLOOD CELL DISORDERS W/O MCC,9132.315,4652.981363636363,4825.143333333333,5917.307575757575,7062.862795698925,5215.74,6494.397307692308,7308.707142857143,5789.126,5015.179,5099.269350649351,6752.553333333333,4997.482857142857,4985.518,5667.609416666667,4979.877818181818,4880.657333333334,4996.921764705882,5002.307096774193,6113.11568627451,7528.200243902439,5260.9511111111115,5595.148955223881,6034.636206896552,5071.10813559322,4846.916956521739,4876.78,5311.652916666667,5222.612,5252.521875,5310.121,6082.418360655738,6005.2555555555555,5565.770588235294,6934.004135338346,5113.408316831683,4918.765454545454,5588.587692307692,5283.999909090909,5799.483,5309.532972972973,6545.77,4733.525294117647,5275.439536082475,5199.994285714286,5027.158474576271,6694.592500000001,5611.06125,5220.114848484848,4700.0964,7356.5199999999995
853 - INFECTIOUS & PARASITIC DISEASES W O.R. PROCEDURE W MCC,57238.68,32654.468421052632,31879.35142857143,38755.792962962965,51125.229452054795,37454.63157894737,45014.91470588235,66437.6925,46697.4875,35479.817777777775,37745.372926829266,56482.922,33424.64142857143,36711.77,37839.0244,35463.69454545454,35450.817777777775,35433.915,35134.8284,43499.39,43092.26666666667,40261.481999999996,38773.1652,46305.15266666667,36491.960857142854,36277.36571428571,36179.1725,36292.27707317073,34430.871666666666,42288.903333333335,46187.33,41740.455882352944,45562.16142857143,43381.49875,51966.068372093025,35528.568333333336,37270.57588235294,46516.79384615384,36046.425081967216,41286.165,39664.18090909091,42249.01666666667,33365.3975,37055.89363636364,38502.45375,36562.841944444444,49677.93,42704.292,39314.242608695655,34929.868,49466.31
870 - SEPTICEMIA OR SEVERE SEPSIS W MV 96+ HOURS,61300.63,35715.22416666667,35227.80625,44276.28916666667,53733.33370967742,45454.490000000005,49203.55333333333,52491.154,46534.18,38392.92758064516,40141.288181818185,0.0,39998.4775,46131.27,40175.111,39714.32,44126.032,39948.14636363636,36289.48857142857,48422.37909090909,48605.04409090909,45273.93,41363.258055555554,49989.325,39342.84636363637,36731.933333333334,0.0,40688.78866666667,39845.68,38355.71,49774.183333333334,44748.32307692308,45032.31333333333,40689.10083333333,56465.89064102564,38608.58097560976,40226.04909090909,50431.91333333334,42113.217894736845,46186.3625,38687.104,45473.33,37337.69458333333,40100.17722222222,45331.935,39676.32964285714,52761.33,49328.944285714286,46340.763333333336,39804.79,0.0
871 - SEPTICEMIA OR SEVERE SEPSIS W/O MV 96+ HOURS W MCC,21877.06,11020.206029411765,10988.82225,13716.433265306123,16888.87652014652,13196.056216216217,14994.280333333334,18069.312857142857,13402.195,12208.979254658385,11952.887419354838,18331.483571428573,11549.085,12581.343333333334,13396.12393442623,11807.399402985075,11479.975666666667,11412.191785714285,11972.356481481482,14060.567272727272,18277.34568181818,13357.3,12801.864470588236,13271.516086956522,12062.95859375,11677.15409090909,12517.733333333334,12218.720602409638,12123.17,12650.825555555555,12339.629230769231,14652.42734375,13648.237500000001,13689.547894736843,16328.543112582782,11916.85790909091,11730.873469387756,13684.136666666667,12309.743615384616,13943.817,12637.203673469388,13335.935714285713,11180.237790697674,12404.180092592593,11630.101904761905,11833.518493150685,15952.268333333333,13638.667727272727,12230.265666666666,11659.840740740741,18000.025
872 - SEPTICEMIA OR SEVERE SEPSIS W/O MV 96+ HOURS W/O MCC,11395.638,6646.081785714286,6766.871351351351,8392.485897435898,9754.142594142259,7558.668235294118,9084.069285714286,10670.344285714285,8579.988,7228.691180555556,7201.149069767442,10720.326666666666,7073.898148148148,7199.327,7757.729722222222,6990.3153125,6856.736666666667,7002.324893617021,7087.183469387755,8575.21576923077,10679.497619047619,7852.964705882353,7878.121325301205,7990.37,7188.154655172414,6930.074210526316,7382.585555555555,7445.003,7615.673333333333,7281.265,7488.5238461538465,8694.688166666667,8476.533157894737,8167.473076923077,9847.971785714286,7116.857872340425,7047.399268292683,8102.256153846154,7338.667876106195,8066.516666666666,7363.501458333333,7908.446,6613.232352941176,7420.893072625699,7223.891428571429,7142.865820895522,9563.885,8204.196666666667,7264.745925925926,6789.61076923077,9204.8
885 - PSYCHOSES,10711.78,5258.2252941176475,5482.09,6998.945,9274.472444444444,5239.195,8239.16,9671.663333333334,7009.37,6306.98,6767.71,9096.48,6391.140909090909,5708.566666666667,6881.831578947368,6094.448,5522.9400000000005,5964.4158823529415,5855.917777777778,8096.764666666667,10417.991875,6540.833333333334,6678.77619047619,7441.928,5829.071538461539,5563.44,5638.25,6617.332083333334,0.0,6882.8925,6123.495,8066.1539130434785,6587.4025,6440.5380000000005,8327.940714285714,6004.8777272727275,6098.125,8124.544,6729.913333333333,9127.086666666666,6314.1033333333335,6585.97,5876.343333333333,6281.887931034483,6042.0,5671.867142857143,9665.14,6384.065555555556,6219.012941176471,6484.48,0.0
897 - ALCOHOL/DRUG ABUSE OR DEPENDENCE W/O REHABILITATION THERAPY W/O MCC,6473.54,3680.8293750000003,3912.9300000000003,4173.545714285714,6182.515161290323,4914.7444444444445,5883.811578947369,6705.59,4592.78,4210.479818181818,4374.035714285715,5689.5,4127.990625,3962.52,4871.087666666666,4357.4111111111115,3929.31,4272.8133333333335,5015.4366666666665,5161.984545454546,6505.230416666666,4365.83125,4756.437714285715,4883.421428571429,4218.562142857143,3992.620625,4542.762500000001,4716.6064,4252.08,4467.1900000000005,4184.66875,5387.3390625,4947.97,4468.688888888889,6307.8548717948715,4504.75,4157.603636363637,4960.577,4859.922926829268,5336.971666666666,4770.952307692308,4506.6140000000005,3983.986923076923,4949.711666666667,4218.09,4787.243,5980.92,4792.269,4347.1392,4195.253333333333,5592.21
917 - POISONING & TOXIC EFFECTS OF DRUGS W MCC,0.0,9095.975263157894,9397.5375,10278.105789473684,13314.392465753424,10912.23076923077,12349.048,12275.13,10871.7775,9436.22602739726,9613.0072,16266.42,9710.358571428571,10038.176,10930.247894736842,9219.7524,8876.8725,9629.557368421052,9555.28,12285.075,12079.289565217392,9995.11,11132.830731707318,12529.124,9499.801071428572,9916.1975,9096.078,10027.675135135136,9360.25,10034.565,9653.944285714286,10956.043333333333,13223.53,11127.841428571428,14040.953448275863,10426.14,10476.65076923077,11079.086666666666,12050.286923076923,11617.333333333334,9885.453529411765,15430.27,8849.876206896552,10333.50425925926,10040.048571428571,10264.288421052632,14527.83,11527.296,10941.442307692309,9726.19125,14977.91
918 - POISONING & TOXIC EFFECTS OF DRUGS W/O MCC,6684.76,3705.82,3698.9417391304346,4426.317692307693,5565.840322580645,4308.394705882353,5074.952352941176,6081.1675,4685.006666666666,3943.6176923076923,4240.381025641025,5507.69,3897.0346666666665,4266.806666666666,4454.447538461539,4014.6690625,3847.5589999999997,3935.9285714285716,3965.3753333333334,4891.124090909091,6288.644594594594,4095.614285714286,4434.845254237288,4715.513333333333,3958.440476190476,3998.3181250000002,4005.6466666666665,4234.704285714286,4056.23,4182.734444444444,4526.688,4849.608857142857,4928.144,4541.444615384616,5847.799733333333,4034.0072413793105,3928.296153846154,4610.375555555555,4512.1074576271185,5520.286,4263.39375,4785.753333333333,3746.672727272727,4241.640769230769,4368.163333333333,4141.203030303031,6980.88,4478.742,4239.1845454545455,3981.1691666666666,5574.375
948 - SIGNS & SYMPTOMS W/O MCC,7204.695,3963.9132608695654,4005.2064,4792.589032258064,6096.438157894737,4661.605217391304,5530.3060000000005,6512.385,5713.475,4251.564758064516,4412.7629090909095,6155.406666666667,4262.067647058823,4195.08,4874.8033,4285.9,4131.14625,4269.205384615385,4244.678787878788,5170.769777777778,6832.7735,4521.898461538462,4807.2294736842105,4969.7096296296295,4333.396458333334,4168.902222222222,4318.485,4667.1694,4373.1539999999995,4463.292666666666,4473.732,5354.812352941177,5364.895714285714,4854.38125,5945.3817094017095,4346.961428571429,4273.623823529411,4905.332307692308,5018.809240506329,5232.3516666666665,4482.5887096774195,4823.126,4105.723555555555,4631.003965517241,4616.941111111111,4295.247391304348,6233.893333333333,5140.298666666667,4633.002307692308,4040.943888888889,6352.4766666666665
